<cache_pool_manager_configuration>
        <cache_pool_manager_name>Account Manager</cache_pool_manager_name>
	<db_name_mappings>
		<db_name_mapping>
			<logical_db_name>Checking Account Database</logical_db_name>
			<physical_db_name>C:\checking.db</physical_db_name>
		</db_name_mapping>
		<db_name_mapping>
			<logical_db_name>Savings Account Database</logical_db_name>
			<physical_db_name>C:\savings.db</physical_db_name>
		</db_name_mapping>
	</db_name_mappings>
	<logical_roots>
		<db_root>
			<logical_root_name>Checking Account Root</logical_root_name>
			<logical_db_name>Checking Account Database</logical_db_name>
			<physical_root_name>Checking</physical_root_name>
		</db_root>
		<db_root>
			<logical_root_name>Savings Account Root</logical_root_name>
			<logical_db_name>Savings Account Database</logical_db_name>
			<physical_root_name>Savings</physical_root_name>
		</db_root>
	</logical_roots>
	<cache_pool_configurations>
		<cache_pool_configuration>
			<cache_pool_name>Account Cache Pool</cache_pool_name>
			<attributes>
				<attribute_name>update_caches</attribute_name>
				<string_value>1</string_value>
				<attribute_name>mvcc_caches</attribute_name>
				<string_value>1</string_value>
				<attribute_name>group_open_interval</attribute_name>
				<string_value>1000</string_value>
			</attributes>
		</cache_pool_configuration>
	</cache_pool_configurations>
	<attributes>
		<attribute_name>debug_level</attribute_name>
		<string_value>cmtl_log_error</string_value>
		<attribute_name>debug_output_file</attribute_name>
		<string_value>account.dbg</string_value>
		<attribute_name>overwrite_debug_output_file</attribute_name>
		<string_value>1</string_value>
	</attributes>
</cache_pool_manager_configuration>
